{
  "Total" : {
    "transaction" : "Total",
    "sampleCount" : 129,
    "errorCount" : 0,
    "errorPct" : 0.0,
    "meanResTime" : 23.558139534883722,
    "medianResTime" : 22.0,
    "minResTime" : 16.0,
    "maxResTime" : 104.0,
    "pct1ResTime" : 28.0,
    "pct2ResTime" : 33.0,
    "pct3ResTime" : 88.99999999999943,
    "throughput" : 126.47058823529412,
    "receivedKBytesPerSec" : 97.94826133578431,
    "sentKBytesPerSec" : 15.438304227941176
  },
  "NBA" : {
    "transaction" : "NBA",
    "sampleCount" : 129,
    "errorCount" : 0,
    "errorPct" : 0.0,
    "meanResTime" : 23.558139534883722,
    "medianResTime" : 22.0,
    "minResTime" : 16.0,
    "maxResTime" : 104.0,
    "pct1ResTime" : 28.0,
    "pct2ResTime" : 33.0,
    "pct3ResTime" : 88.99999999999943,
    "throughput" : 126.47058823529412,
    "receivedKBytesPerSec" : 97.94826133578431,
    "sentKBytesPerSec" : 15.438304227941176
  }
}