{
  "Total" : {
    "transaction" : "Total",
    "sampleCount" : 6,
    "errorCount" : 0,
    "errorPct" : 0.0,
    "meanResTime" : 332.3333333333333,
    "medianResTime" : 285.5,
    "minResTime" : 127.0,
    "maxResTime" : 671.0,
    "pct1ResTime" : 671.0,
    "pct2ResTime" : 671.0,
    "pct3ResTime" : 671.0,
    "throughput" : 6.006006006006006,
    "receivedKBytesPerSec" : 3163.5463588588586,
    "sentKBytesPerSec" : 0.8915165165165165
  },
  "NBA-0" : {
    "transaction" : "NBA-0",
    "sampleCount" : 2,
    "errorCount" : 0,
    "errorPct" : 0.0,
    "meanResTime" : 185.5,
    "medianResTime" : 185.5,
    "minResTime" : 127.0,
    "maxResTime" : 244.0,
    "pct1ResTime" : 244.0,
    "pct2ResTime" : 244.0,
    "pct3ResTime" : 244.0,
    "throughput" : 2.5031289111389237,
    "receivedKBytesPerSec" : 0.862895025031289,
    "sentKBytesPerSec" : 0.27866864831038796
  },
  "NBA-1" : {
    "transaction" : "NBA-1",
    "sampleCount" : 2,
    "errorCount" : 0,
    "errorPct" : 0.0,
    "meanResTime" : 312.5,
    "medianResTime" : 312.5,
    "minResTime" : 199.0,
    "maxResTime" : 426.0,
    "pct1ResTime" : 426.0,
    "pct2ResTime" : 426.0,
    "pct3ResTime" : 426.0,
    "throughput" : 2.6525198938992043,
    "receivedKBytesPerSec" : 2094.8301765583556,
    "sentKBytesPerSec" : 0.2953000663129973
  },
  "NBA" : {
    "transaction" : "NBA",
    "sampleCount" : 2,
    "errorCount" : 0,
    "errorPct" : 0.0,
    "meanResTime" : 499.0,
    "medianResTime" : 499.0,
    "minResTime" : 327.0,
    "maxResTime" : 671.0,
    "pct1ResTime" : 671.0,
    "pct2ResTime" : 671.0,
    "pct3ResTime" : 671.0,
    "throughput" : 2.002002002002002,
    "receivedKBytesPerSec" : 1581.7731794294293,
    "sentKBytesPerSec" : 0.44575825825825827
  }
}