{
  "Total" : {
    "transaction" : "Total",
    "sampleCount" : 3,
    "errorCount" : 0,
    "errorPct" : 0.0,
    "meanResTime" : 353.33333333333337,
    "medianResTime" : 83.0,
    "minResTime" : 81.0,
    "maxResTime" : 896.0,
    "pct1ResTime" : 896.0,
    "pct2ResTime" : 896.0,
    "pct3ResTime" : 896.0,
    "throughput" : 2.827521206409048,
    "receivedKBytesPerSec" : 56.53293620405278,
    "sentKBytesPerSec" : 0.320305136663525
  },
  "NBA" : {
    "transaction" : "NBA",
    "sampleCount" : 3,
    "errorCount" : 0,
    "errorPct" : 0.0,
    "meanResTime" : 353.33333333333337,
    "medianResTime" : 83.0,
    "minResTime" : 81.0,
    "maxResTime" : 896.0,
    "pct1ResTime" : 896.0,
    "pct2ResTime" : 896.0,
    "pct3ResTime" : 896.0,
    "throughput" : 2.827521206409048,
    "receivedKBytesPerSec" : 56.53293620405278,
    "sentKBytesPerSec" : 0.320305136663525
  }
}