{
  "Total" : {
    "transaction" : "Total",
    "sampleCount" : 27,
    "errorCount" : 0,
    "errorPct" : 0.0,
    "meanResTime" : 519.1111111111111,
    "medianResTime" : 420.0,
    "minResTime" : 46.0,
    "maxResTime" : 1732.0,
    "pct1ResTime" : 1406.0,
    "pct2ResTime" : 1647.9999999999995,
    "pct3ResTime" : 1732.0,
    "throughput" : 12.26715129486597,
    "receivedKBytesPerSec" : 6634.406235801908,
    "sentKBytesPerSec" : 1.8209052703316673
  },
  "NBA-0" : {
    "transaction" : "NBA-0",
    "sampleCount" : 9,
    "errorCount" : 0,
    "errorPct" : 0.0,
    "meanResTime" : 448.0000000000001,
    "medianResTime" : 378.0,
    "minResTime" : 62.0,
    "maxResTime" : 1059.0,
    "pct1ResTime" : 1059.0,
    "pct2ResTime" : 1059.0,
    "pct3ResTime" : 1059.0,
    "throughput" : 4.189944134078212,
    "receivedKBytesPerSec" : 1.4443850384078212,
    "sentKBytesPerSec" : 0.46645862430167595
  },
  "NBA-1" : {
    "transaction" : "NBA-1",
    "sampleCount" : 9,
    "errorCount" : 0,
    "errorPct" : 0.0,
    "meanResTime" : 330.3333333333333,
    "medianResTime" : 55.0,
    "minResTime" : 46.0,
    "maxResTime" : 726.0,
    "pct1ResTime" : 726.0,
    "pct2ResTime" : 726.0,
    "pct3ResTime" : 726.0,
    "throughput" : 7.887817703768623,
    "receivedKBytesPerSec" : 6396.197654195881,
    "sentKBytesPerSec" : 0.8781359553023663
  },
  "NBA" : {
    "transaction" : "NBA",
    "sampleCount" : 9,
    "errorCount" : 0,
    "errorPct" : 0.0,
    "meanResTime" : 779.0,
    "medianResTime" : 431.0,
    "minResTime" : 111.0,
    "maxResTime" : 1732.0,
    "pct1ResTime" : 1732.0,
    "pct2ResTime" : 1732.0,
    "pct3ResTime" : 1732.0,
    "throughput" : 4.08905043162199,
    "receivedKBytesPerSec" : 3317.203117900954,
    "sentKBytesPerSec" : 0.9104526351658336
  }
}