{
  "Total" : {
    "transaction" : "Total",
    "sampleCount" : 954,
    "errorCount" : 0,
    "errorPct" : 0.0,
    "meanResTime" : 202.77044025157232,
    "medianResTime" : 159.0,
    "minResTime" : 78.0,
    "maxResTime" : 1300.0,
    "pct1ResTime" : 315.5,
    "pct2ResTime" : 400.25,
    "pct3ResTime" : 883.1500000000003,
    "throughput" : 93.82376081825335,
    "receivedKBytesPerSec" : 11973.668732481807,
    "sentKBytesPerSec" : 14.171297206923683
  },
  "NBA-0" : {
    "transaction" : "NBA-0",
    "sampleCount" : 318,
    "errorCount" : 0,
    "errorPct" : 0.0,
    "meanResTime" : 119.33647798742143,
    "medianResTime" : 97.0,
    "minResTime" : 78.0,
    "maxResTime" : 1071.0,
    "pct1ResTime" : 155.20000000000005,
    "pct2ResTime" : 291.0,
    "pct3ResTime" : 437.5900000000001,
    "throughput" : 31.717534410532615,
    "receivedKBytesPerSec" : 16.334873079992022,
    "sentKBytesPerSec" : 3.593001944943148
  },
  "NBA-1" : {
    "transaction" : "NBA-1",
    "sampleCount" : 318,
    "errorCount" : 0,
    "errorPct" : 0.0,
    "meanResTime" : 184.73270440251562,
    "medianResTime" : 152.5,
    "minResTime" : 126.0,
    "maxResTime" : 898.0,
    "pct1ResTime" : 244.20000000000005,
    "pct2ResTime" : 352.20000000000005,
    "pct3ResTime" : 776.24,
    "throughput" : 31.82227559291504,
    "receivedKBytesPerSec" : 6075.288541823026,
    "sentKBytesPerSec" : 3.604867157009907
  },
  "NBA" : {
    "transaction" : "NBA",
    "sampleCount" : 318,
    "errorCount" : 0,
    "errorPct" : 0.0,
    "meanResTime" : 304.2421383647799,
    "medianResTime" : 262.0,
    "minResTime" : 213.0,
    "maxResTime" : 1300.0,
    "pct1ResTime" : 400.0,
    "pct2ResTime" : 547.3500000000001,
    "pct3ResTime" : 1021.1600000000001,
    "throughput" : 31.27458693941778,
    "receivedKBytesPerSec" : 5986.834366240903,
    "sentKBytesPerSec" : 7.085648603461841
  }
}