{
  "Total" : {
    "transaction" : "Total",
    "sampleCount" : 30,
    "errorCount" : 0,
    "errorPct" : 0.0,
    "meanResTime" : 1007.8333333333335,
    "medianResTime" : 1169.5,
    "minResTime" : 50.0,
    "maxResTime" : 2564.0,
    "pct1ResTime" : 1851.8000000000002,
    "pct2ResTime" : 2534.3,
    "pct3ResTime" : 2564.0,
    "throughput" : 11.115227862171174,
    "receivedKBytesPerSec" : 2948.9235017599112,
    "sentKBytesPerSec" : 1.6499166357910338
  },
  "NBA-0" : {
    "transaction" : "NBA-0",
    "sampleCount" : 10,
    "errorCount" : 0,
    "errorPct" : 0.0,
    "meanResTime" : 56.199999999999996,
    "medianResTime" : 52.5,
    "minResTime" : 50.0,
    "maxResTime" : 88.0,
    "pct1ResTime" : 85.20000000000002,
    "pct2ResTime" : 88.0,
    "pct3ResTime" : 88.0,
    "throughput" : 11.312217194570135,
    "receivedKBytesPerSec" : 12.880903563348417,
    "sentKBytesPerSec" : 1.2593679298642533
  },
  "NBA-1" : {
    "transaction" : "NBA-1",
    "sampleCount" : 10,
    "errorCount" : 0,
    "errorPct" : 0.0,
    "meanResTime" : 1455.1,
    "medianResTime" : 1278.0,
    "minResTime" : 1076.0,
    "maxResTime" : 2510.0,
    "pct1ResTime" : 2439.5,
    "pct2ResTime" : 2510.0,
    "pct3ResTime" : 2510.0,
    "throughput" : 3.8299502106472616,
    "receivedKBytesPerSec" : 1519.7953071141324,
    "sentKBytesPerSec" : 0.42638117579471463
  },
  "NBA" : {
    "transaction" : "NBA",
    "sampleCount" : 10,
    "errorCount" : 0,
    "errorPct" : 0.0,
    "meanResTime" : 1512.1999999999998,
    "medianResTime" : 1334.0,
    "minResTime" : 1165.0,
    "maxResTime" : 2564.0,
    "pct1ResTime" : 2493.3,
    "pct2ResTime" : 2564.0,
    "pct3ResTime" : 2564.0,
    "throughput" : 3.705075954057058,
    "receivedKBytesPerSec" : 1474.4617508799556,
    "sentKBytesPerSec" : 0.8249583178955169
  }
}