{
  "Total" : {
    "transaction" : "Total",
    "sampleCount" : 21,
    "errorCount" : 0,
    "errorPct" : 0.0,
    "meanResTime" : 320.76190476190476,
    "medianResTime" : 329.0,
    "minResTime" : 111.0,
    "maxResTime" : 672.0,
    "pct1ResTime" : 580.2,
    "pct2ResTime" : 663.2999999999998,
    "pct3ResTime" : 672.0,
    "throughput" : 9.300265721877768,
    "receivedKBytesPerSec" : 1186.393690489371,
    "sentKBytesPerSec" : 1.4047276350752878
  },
  "NBA-0" : {
    "transaction" : "NBA-0",
    "sampleCount" : 7,
    "errorCount" : 0,
    "errorPct" : 0.0,
    "meanResTime" : 147.42857142857142,
    "medianResTime" : 145.0,
    "minResTime" : 111.0,
    "maxResTime" : 188.0,
    "pct1ResTime" : 188.0,
    "pct2ResTime" : 188.0,
    "pct3ResTime" : 188.0,
    "throughput" : 4.041570438799076,
    "receivedKBytesPerSec" : 2.079987911374134,
    "sentKBytesPerSec" : 0.4578341512702079
  },
  "NBA-1" : {
    "transaction" : "NBA-1",
    "sampleCount" : 7,
    "errorCount" : 0,
    "errorPct" : 0.0,
    "meanResTime" : 333.4285714285714,
    "medianResTime" : 363.0,
    "minResTime" : 149.0,
    "maxResTime" : 526.0,
    "pct1ResTime" : 526.0,
    "pct2ResTime" : 526.0,
    "pct3ResTime" : 526.0,
    "throughput" : 3.3143939393939394,
    "receivedKBytesPerSec" : 632.498076467803,
    "sentKBytesPerSec" : 0.37545868844696967
  },
  "NBA" : {
    "transaction" : "NBA",
    "sampleCount" : 7,
    "errorCount" : 0,
    "errorPct" : 0.0,
    "meanResTime" : 481.42857142857144,
    "medianResTime" : 532.0,
    "minResTime" : 329.0,
    "maxResTime" : 672.0,
    "pct1ResTime" : 672.0,
    "pct2ResTime" : 672.0,
    "pct3ResTime" : 672.0,
    "throughput" : 3.100088573959256,
    "receivedKBytesPerSec" : 593.1968452446855,
    "sentKBytesPerSec" : 0.7023638175376439
  }
}