{
  "Total" : {
    "transaction" : "Total",
    "sampleCount" : 30,
    "errorCount" : 0,
    "errorPct" : 0.0,
    "meanResTime" : 771.8333333333331,
    "medianResTime" : 937.5,
    "minResTime" : 71.0,
    "maxResTime" : 1439.0,
    "pct1ResTime" : 1361.1000000000001,
    "pct2ResTime" : 1415.35,
    "pct3ResTime" : 1439.0,
    "throughput" : 14.485755673587638,
    "receivedKBytesPerSec" : 3902.8039745292126,
    "sentKBytesPerSec" : 2.1313676967648476
  },
  "NBA-0" : {
    "transaction" : "NBA-0",
    "sampleCount" : 10,
    "errorCount" : 0,
    "errorPct" : 0.0,
    "meanResTime" : 88.7,
    "medianResTime" : 76.0,
    "minResTime" : 71.0,
    "maxResTime" : 160.0,
    "pct1ResTime" : 156.70000000000002,
    "pct2ResTime" : 160.0,
    "pct3ResTime" : 160.0,
    "throughput" : 11.037527593818986,
    "receivedKBytesPerSec" : 12.5681222406181,
    "sentKBytesPerSec" : 1.2180084161147902
  },
  "NBA-1" : {
    "transaction" : "NBA-1",
    "sampleCount" : 10,
    "errorCount" : 0,
    "errorPct" : 0.0,
    "meanResTime" : 1068.7,
    "medianResTime" : 1124.0,
    "minResTime" : 752.0,
    "maxResTime" : 1366.0,
    "pct1ResTime" : 1361.1,
    "pct2ResTime" : 1366.0,
    "pct3ResTime" : 1366.0,
    "throughput" : 5.238344683080147,
    "receivedKBytesPerSec" : 2111.0355143399684,
    "sentKBytesPerSec" : 0.5780595206914615
  },
  "NBA" : {
    "transaction" : "NBA",
    "sampleCount" : 10,
    "errorCount" : 0,
    "errorPct" : 0.0,
    "meanResTime" : 1158.1,
    "medianResTime" : 1201.0,
    "minResTime" : 829.0,
    "maxResTime" : 1439.0,
    "pct1ResTime" : 1434.7,
    "pct2ResTime" : 1439.0,
    "pct3ResTime" : 1439.0,
    "throughput" : 4.8285852245292125,
    "receivedKBytesPerSec" : 1951.4019872646063,
    "sentKBytesPerSec" : 1.0656838483824238
  }
}