{
  "Total" : {
    "transaction" : "Total",
    "sampleCount" : 51,
    "errorCount" : 0,
    "errorPct" : 0.0,
    "meanResTime" : 94.33333333333333,
    "medianResTime" : 75.0,
    "minResTime" : 62.0,
    "maxResTime" : 373.0,
    "pct1ResTime" : 108.80000000000001,
    "pct2ResTime" : 229.99999999999966,
    "pct3ResTime" : 373.0,
    "throughput" : 2.6778682068784456,
    "receivedKBytesPerSec" : 55.65606335324232,
    "sentKBytesPerSec" : 0.3033522578104489
  },
  "NBA" : {
    "transaction" : "NBA",
    "sampleCount" : 51,
    "errorCount" : 0,
    "errorPct" : 0.0,
    "meanResTime" : 94.33333333333333,
    "medianResTime" : 75.0,
    "minResTime" : 62.0,
    "maxResTime" : 373.0,
    "pct1ResTime" : 108.80000000000001,
    "pct2ResTime" : 229.99999999999966,
    "pct3ResTime" : 373.0,
    "throughput" : 2.6778682068784456,
    "receivedKBytesPerSec" : 55.65606335324232,
    "sentKBytesPerSec" : 0.3033522578104489
  }
}