{
  "Total" : {
    "transaction" : "Total",
    "sampleCount" : 282,
    "errorCount" : 0,
    "errorPct" : 0.0,
    "meanResTime" : 237.83687943262402,
    "medianResTime" : 185.0,
    "minResTime" : 78.0,
    "maxResTime" : 996.0,
    "pct1ResTime" : 478.3000000000002,
    "pct2ResTime" : 596.8499999999999,
    "pct3ResTime" : 814.8700000000017,
    "throughput" : 85.11922728644733,
    "receivedKBytesPerSec" : 10864.415512752792,
    "sentKBytesPerSec" : 12.856549954723814
  },
  "NBA-0" : {
    "transaction" : "NBA-0",
    "sampleCount" : 94,
    "errorCount" : 0,
    "errorPct" : 0.0,
    "meanResTime" : 116.08510638297871,
    "medianResTime" : 105.0,
    "minResTime" : 78.0,
    "maxResTime" : 234.0,
    "pct1ResTime" : 174.5,
    "pct2ResTime" : 201.25,
    "pct3ResTime" : 234.0,
    "throughput" : 30.51948051948052,
    "receivedKBytesPerSec" : 15.719485592532466,
    "sentKBytesPerSec" : 3.4572849025974026
  },
  "NBA-1" : {
    "transaction" : "NBA-1",
    "sampleCount" : 94,
    "errorCount" : 0,
    "errorPct" : 0.0,
    "meanResTime" : 240.64893617021286,
    "medianResTime" : 174.5,
    "minResTime" : 133.0,
    "maxResTime" : 796.0,
    "pct1ResTime" : 489.0,
    "pct2ResTime" : 572.25,
    "pct3ResTime" : 796.0,
    "throughput" : 29.756251978474204,
    "receivedKBytesPerSec" : 5681.699360952834,
    "sentKBytesPerSec" : 3.370825419436531
  },
  "NBA" : {
    "transaction" : "NBA",
    "sampleCount" : 94,
    "errorCount" : 0,
    "errorPct" : 0.0,
    "meanResTime" : 356.7765957446809,
    "medianResTime" : 289.0,
    "minResTime" : 216.0,
    "maxResTime" : 996.0,
    "pct1ResTime" : 607.0,
    "pct2ResTime" : 714.0,
    "pct3ResTime" : 996.0,
    "throughput" : 28.37307576214911,
    "receivedKBytesPerSec" : 5432.207756376396,
    "sentKBytesPerSec" : 6.428274977361907
  }
}