{
  "Total" : {
    "transaction" : "Total",
    "sampleCount" : 3,
    "errorCount" : 0,
    "errorPct" : 0.0,
    "meanResTime" : 1060.0,
    "medianResTime" : 1514.0,
    "minResTime" : 76.0,
    "maxResTime" : 1590.0,
    "pct1ResTime" : 1590.0,
    "pct2ResTime" : 1590.0,
    "pct3ResTime" : 1590.0,
    "throughput" : 1.8867924528301887,
    "receivedKBytesPerSec" : 518.1652908805031,
    "sentKBytesPerSec" : 0.2800707547169811
  },
  "NBA-0" : {
    "transaction" : "NBA-0",
    "sampleCount" : 1,
    "errorCount" : 0,
    "errorPct" : 0.0,
    "meanResTime" : 76.0,
    "medianResTime" : 76.0,
    "minResTime" : 76.0,
    "maxResTime" : 76.0,
    "pct1ResTime" : 76.0,
    "pct2ResTime" : 76.0,
    "pct3ResTime" : 76.0,
    "throughput" : 13.157894736842104,
    "receivedKBytesPerSec" : 14.982524671052632,
    "sentKBytesPerSec" : 1.46484375
  },
  "NBA-1" : {
    "transaction" : "NBA-1",
    "sampleCount" : 1,
    "errorCount" : 0,
    "errorPct" : 0.0,
    "meanResTime" : 1514.0,
    "medianResTime" : 1514.0,
    "minResTime" : 1514.0,
    "maxResTime" : 1514.0,
    "pct1ResTime" : 1514.0,
    "pct2ResTime" : 1514.0,
    "pct3ResTime" : 1514.0,
    "throughput" : 0.6605019815059445,
    "receivedKBytesPerSec" : 271.3360200627477,
    "sentKBytesPerSec" : 0.07353244715984147
  },
  "NBA" : {
    "transaction" : "NBA",
    "sampleCount" : 1,
    "errorCount" : 0,
    "errorPct" : 0.0,
    "meanResTime" : 1590.0,
    "medianResTime" : 1590.0,
    "minResTime" : 1590.0,
    "maxResTime" : 1590.0,
    "pct1ResTime" : 1590.0,
    "pct2ResTime" : 1590.0,
    "pct3ResTime" : 1590.0,
    "throughput" : 0.6289308176100629,
    "receivedKBytesPerSec" : 259.08264544025155,
    "sentKBytesPerSec" : 0.14003537735849056
  }
}