{
  "Total" : {
    "transaction" : "Total",
    "sampleCount" : 5,
    "errorCount" : 0,
    "errorPct" : 0.0,
    "meanResTime" : 936.0,
    "medianResTime" : 915.0,
    "minResTime" : 638.0,
    "maxResTime" : 1196.0,
    "pct1ResTime" : 1196.0,
    "pct2ResTime" : 1196.0,
    "pct3ResTime" : 1196.0,
    "throughput" : 3.790750568612585,
    "receivedKBytesPerSec" : 1.306772412812737,
    "sentKBytesPerSec" : 0.422017153146323
  },
  "NBA" : {
    "transaction" : "NBA",
    "sampleCount" : 5,
    "errorCount" : 0,
    "errorPct" : 0.0,
    "meanResTime" : 936.0,
    "medianResTime" : 915.0,
    "minResTime" : 638.0,
    "maxResTime" : 1196.0,
    "pct1ResTime" : 1196.0,
    "pct2ResTime" : 1196.0,
    "pct3ResTime" : 1196.0,
    "throughput" : 3.790750568612585,
    "receivedKBytesPerSec" : 1.306772412812737,
    "sentKBytesPerSec" : 0.422017153146323
  }
}