{
  "Total" : {
    "transaction" : "Total",
    "sampleCount" : 117,
    "errorCount" : 0,
    "errorPct" : 0.0,
    "meanResTime" : 614.4615384615385,
    "medianResTime" : 477.0,
    "minResTime" : 84.0,
    "maxResTime" : 1856.0,
    "pct1ResTime" : 1429.0,
    "pct2ResTime" : 1540.6999999999998,
    "pct3ResTime" : 1851.1399999999999,
    "throughput" : 34.914950760966875,
    "receivedKBytesPerSec" : 4454.87937369442,
    "sentKBytesPerSec" : 5.273612354521038
  },
  "NBA-0" : {
    "transaction" : "NBA-0",
    "sampleCount" : 39,
    "errorCount" : 0,
    "errorPct" : 0.0,
    "meanResTime" : 217.56410256410257,
    "medianResTime" : 210.0,
    "minResTime" : 84.0,
    "maxResTime" : 544.0,
    "pct1ResTime" : 382.0,
    "pct2ResTime" : 419.0,
    "pct3ResTime" : 544.0,
    "throughput" : 13.746915756080368,
    "receivedKBytesPerSec" : 7.075517161614381,
    "sentKBytesPerSec" : 1.557267800493479
  },
  "NBA-1" : {
    "transaction" : "NBA-1",
    "sampleCount" : 39,
    "errorCount" : 0,
    "errorPct" : 0.0,
    "meanResTime" : 703.4358974358975,
    "medianResTime" : 591.0,
    "minResTime" : 153.0,
    "maxResTime" : 1504.0,
    "pct1ResTime" : 1427.0,
    "pct2ResTime" : 1467.0,
    "pct3ResTime" : 1504.0,
    "throughput" : 12.540192926045016,
    "receivedKBytesPerSec" : 2393.593938404341,
    "sentKBytesPerSec" : 1.420568729903537
  },
  "NBA" : {
    "transaction" : "NBA",
    "sampleCount" : 39,
    "errorCount" : 0,
    "errorPct" : 0.0,
    "meanResTime" : 922.3846153846152,
    "medianResTime" : 793.0,
    "minResTime" : 281.0,
    "maxResTime" : 1856.0,
    "pct1ResTime" : 1679.0,
    "pct2ResTime" : 1829.0,
    "pct3ResTime" : 1856.0,
    "throughput" : 11.638316920322291,
    "receivedKBytesPerSec" : 2227.43968684721,
    "sentKBytesPerSec" : 2.636806177260519
  }
}