{
  "Total" : {
    "transaction" : "Total",
    "sampleCount" : 42,
    "errorCount" : 0,
    "errorPct" : 0.0,
    "meanResTime" : 139.76190476190476,
    "medianResTime" : 102.5,
    "minResTime" : 45.0,
    "maxResTime" : 577.0,
    "pct1ResTime" : 354.30000000000024,
    "pct2ResTime" : 465.9500000000001,
    "pct3ResTime" : 577.0,
    "throughput" : 21.494370522006143,
    "receivedKBytesPerSec" : 11325.647110094678,
    "sentKBytesPerSec" : 3.1905706243602867
  },
  "NBA-0" : {
    "transaction" : "NBA-0",
    "sampleCount" : 14,
    "errorCount" : 0,
    "errorPct" : 0.0,
    "meanResTime" : 88.99999999999997,
    "medianResTime" : 72.5,
    "minResTime" : 59.0,
    "maxResTime" : 193.0,
    "pct1ResTime" : 161.5,
    "pct2ResTime" : 193.0,
    "pct3ResTime" : 193.0,
    "throughput" : 7.349081364829396,
    "receivedKBytesPerSec" : 2.533423556430446,
    "sentKBytesPerSec" : 0.8181594488188976
  },
  "NBA-1" : {
    "transaction" : "NBA-1",
    "sampleCount" : 14,
    "errorCount" : 0,
    "errorPct" : 0.0,
    "meanResTime" : 120.35714285714285,
    "medianResTime" : 56.5,
    "minResTime" : 45.0,
    "maxResTime" : 409.0,
    "pct1ResTime" : 395.0,
    "pct2ResTime" : 409.0,
    "pct3ResTime" : 409.0,
    "throughput" : 7.963594994311717,
    "receivedKBytesPerSec" : 6291.428358752844,
    "sentKBytesPerSec" : 0.8865720989761092
  },
  "NBA" : {
    "transaction" : "NBA",
    "sampleCount" : 14,
    "errorCount" : 0,
    "errorPct" : 0.0,
    "meanResTime" : 209.92857142857144,
    "medianResTime" : 142.5,
    "minResTime" : 110.0,
    "maxResTime" : 577.0,
    "pct1ResTime" : 526.5,
    "pct2ResTime" : 577.0,
    "pct3ResTime" : 577.0,
    "throughput" : 7.164790174002047,
    "receivedKBytesPerSec" : 5662.823555047339,
    "sentKBytesPerSec" : 1.5952853121801434
  }
}